itemset,Disease,support,confidence,lift,ItemSetLen
"['itching', 'skin_rash', 'nodal_skin_eruptions', 'dischromic_patches', 'Disease|Fungalinfection']",Fungalinfection,0.0025756504285251356,1.0,81.58487884834655,5
"['skin_rash', 'nodal_skin_eruptions', 'dischromic_patches', 'Disease|Fungalinfection']",Fungalinfection,0.0055668756602342915,1.0,81.58487884834655,4
"['itching', 'nodal_skin_eruptions', 'dischromic_patches', 'Disease|Fungalinfection']",Fungalinfection,0.005110200052339763,1.0,81.58487884834653,4
"['itching', 'skin_rash', 'dischromic_patches', 'Disease|Fungalinfection']",Fungalinfection,0.0048818622483925,1.0,81.58487884834655,4
"['itching', 'skin_rash', 'nodal_skin_eruptions', 'Disease|Fungalinfection']",Fungalinfection,0.004425186640497973,1.0,81.58487884834655,4
"['continuous_sneezing', 'shivering', 'chills', 'watering_from_eyes', 'Disease|Allergy']",Allergy,0.002940990914840758,1.0,71.46664974835578,5
"['shivering', 'chills', 'watering_from_eyes', 'Disease|Allergy']",Allergy,0.00570387834260265,1.0,71.46664974835578,4
"['continuous_sneezing', 'chills', 'watering_from_eyes', 'Disease|Allergy']",Allergy,0.005475540538655386,1.0,71.46664974835578,4
"['continuous_sneezing', 'shivering', 'watering_from_eyes', 'Disease|Allergy']",Allergy,0.005932216146549913,1.0,71.46664974835578,4
"['continuous_sneezing', 'shivering', 'chills', 'Disease|Allergy']",Allergy,0.00570387834260265,1.0,71.46664974835578,4
"['stomach_pain', 'acidity', 'ulcers_on_tongue', 'vomiting', 'cough', 'chest_pain', 'Disease|GERD']",GERD,0.003666452737667493,1.0,39.88940068882897,7
"['stomach_pain', 'ulcers_on_tongue', 'vomiting', 'cough', 'chest_pain', 'Disease|GERD']",GERD,0.007487305323718374,1.0,39.88940068882898,6
"['stomach_pain', 'acidity', 'vomiting', 'cough', 'chest_pain', 'Disease|GERD']",GERD,0.007335080121086865,1.0,39.88940068882898,6
"['stomach_pain', 'acidity', 'ulcers_on_tongue', 'cough', 'chest_pain', 'Disease|GERD']",GERD,0.007182854918455355,1.0,39.88940068882898,6
"['stomach_pain', 'acidity', 'ulcers_on_tongue', 'vomiting', 'chest_pain', 'Disease|GERD']",GERD,0.007335080121086865,1.0,39.88940068882898,6
"['stomach_pain', 'acidity', 'ulcers_on_tongue', 'vomiting', 'cough', 'Disease|GERD']",GERD,0.006878404513192338,1.0,39.88940068882898,6
"['acidity', 'ulcers_on_tongue', 'vomiting', 'cough', 'chest_pain', 'Disease|GERD']",GERD,0.007182854918455355,1.0,39.88940068882898,6
"['itching', 'vomiting', 'yellowish_skin', 'nausea', 'loss_of_appetite', 'abdominal_pain', 'yellowing_of_eyes', 'Disease|Chroniccholestasis']",Chroniccholestasis,0.002979808341511793,1.0,42.68792602667227,8
"['vomiting', 'yellowish_skin', 'nausea', 'loss_of_appetite', 'abdominal_pain', 'yellowing_of_eyes', 'Disease|Chroniccholestasis']",Chroniccholestasis,0.00625482484384112,0.10936142598518923,4.668412462627152,7
"['itching', 'yellowish_skin', 'nausea', 'loss_of_appetite', 'abdominal_pain', 'yellowing_of_eyes', 'Disease|Chroniccholestasis']",Chroniccholestasis,0.005732909863390231,1.0,42.68792602667227,7
"['itching', 'vomiting', 'nausea', 'loss_of_appetite', 'abdominal_pain', 'yellowing_of_eyes', 'Disease|Chroniccholestasis']",Chroniccholestasis,0.005993867353615675,1.0,42.687926026672265,7
"['itching', 'vomiting', 'yellowish_skin', 'loss_of_appetite', 'abdominal_pain', 'yellowing_of_eyes', 'Disease|Chroniccholestasis']",Chroniccholestasis,0.005732909863390231,1.0,42.68792602667227,7
"['itching', 'vomiting', 'yellowish_skin', 'nausea', 'abdominal_pain', 'yellowing_of_eyes', 'Disease|Chroniccholestasis']",Chroniccholestasis,0.005863388608502953,1.0,42.68792602667227,7
"['itching', 'vomiting', 'yellowish_skin', 'nausea', 'loss_of_appetite', 'yellowing_of_eyes', 'Disease|Chroniccholestasis']",Chroniccholestasis,0.005863388608502953,1.0,42.68792602667227,7
"['itching', 'vomiting', 'yellowish_skin', 'nausea', 'loss_of_appetite', 'abdominal_pain', 'Disease|Chroniccholestasis']",Chroniccholestasis,0.005863388608502953,1.0,42.68792602667227,7
"['itching', 'skin_rash', 'stomach_pain', 'burning_micturition', 'spotting_urination', 'Disease|DrugReaction']",DrugReaction,0.0032119517755248446,1.0,53.626240366276434,6
"['itching', 'stomach_pain', 'burning_micturition', 'spotting_urination', 'Disease|DrugReaction']",DrugReaction,0.006518283176681224,1.0,53.626240366276434,5
"['itching', 'skin_rash', 'burning_micturition', 'spotting_urination', 'Disease|DrugReaction']",DrugReaction,0.006152942690365602,1.0,53.626240366276434,5
"['itching', 'skin_rash', 'stomach_pain', 'spotting_urination', 'Disease|DrugReaction']",DrugReaction,0.005970272447207791,1.0,53.626240366276434,5
"['itching', 'skin_rash', 'stomach_pain', 'burning_micturition', 'Disease|DrugReaction']",DrugReaction,0.005970272447207791,1.0,53.626240366276434,5
"['skin_rash', 'stomach_pain', 'burning_micturition', 'spotting_urination', 'Disease|DrugReaction']",DrugReaction,0.006883623662996847,1.0,53.626240366276434,5
"['vomiting', 'loss_of_appetite', 'abdominal_pain', 'passage_of_gases', 'internal_itching', 'Disease|Pepticulcerdiseae']",Pepticulcerdiseae,0.006900150970711125,1.0,41.36040754999284,6
"['vomiting', 'indigestion', 'abdominal_pain', 'passage_of_gases', 'internal_itching', 'Disease|Pepticulcerdiseae']",Pepticulcerdiseae,0.007052376173342634,1.0,41.36040754999284,6
"['indigestion', 'loss_of_appetite', 'abdominal_pain', 'passage_of_gases', 'internal_itching', 'Disease|Pepticulcerdiseae']",Pepticulcerdiseae,0.006900150970711125,1.0,41.36040754999284,6
"['vomiting', 'indigestion', 'loss_of_appetite', 'passage_of_gases', 'internal_itching', 'Disease|Pepticulcerdiseae']",Pepticulcerdiseae,0.007052376173342634,1.0,41.36040754999284,6
"['vomiting', 'indigestion', 'loss_of_appetite', 'abdominal_pain', 'internal_itching', 'Disease|Pepticulcerdiseae']",Pepticulcerdiseae,0.006900150970711125,1.0,41.36040754999284,6
"['vomiting', 'indigestion', 'loss_of_appetite', 'abdominal_pain', 'passage_of_gases', 'Disease|Pepticulcerdiseae']",Pepticulcerdiseae,0.007052376173342634,1.0,41.36040754999284,6
"['vomiting', 'indigestion', 'loss_of_appetite', 'abdominal_pain', 'passage_of_gases', 'internal_itching', 'Disease|Pepticulcerdiseae']",Pepticulcerdiseae,0.003535973992554771,1.0,41.36040754999285,7
"['muscle_wasting', 'patches_in_throat', 'high_fever', 'extra_marital_contacts', 'Disease|AIDS']",AIDS,0.0038543421306298136,1.0,54.55251988763381,5
"['patches_in_throat', 'high_fever', 'extra_marital_contacts', 'Disease|AIDS']",AIDS,0.007987256382075288,1.0,54.552519887633814,4
"['muscle_wasting', 'high_fever', 'extra_marital_contacts', 'Disease|AIDS']",AIDS,0.007302242970233497,1.0,54.552519887633814,4
"['muscle_wasting', 'patches_in_throat', 'extra_marital_contacts', 'Disease|AIDS']",AIDS,0.007073905166286233,1.0,54.55251988763381,4
"['muscle_wasting', 'patches_in_throat', 'high_fever', 'Disease|AIDS']",AIDS,0.007530580774180761,1.0,54.55251988763381,4
"['fatigue', 'weight_loss', 'restlessness', 'lethargy', 'irregular_sugar_level', 'blurred_and_distorted_vision', 'obesity', 'excessive_hunger', 'increased_appetite', 'polyuria', 'Disease|Diabetes']",Diabetes,0.0034126122699027427,1.0,32.76445893572261,11
"['weight_loss', 'restlessness', 'lethargy', 'irregular_sugar_level', 'blurred_and_distorted_vision', 'obesity', 'excessive_hunger', 'increased_appetite', 'polyuria', 'Disease|Diabetes']",Diabetes,0.006801145280480137,1.0,32.76445893572261,10
"['fatigue', 'restlessness', 'lethargy', 'irregular_sugar_level', 'blurred_and_distorted_vision', 'obesity', 'excessive_hunger', 'increased_appetite', 'polyuria', 'Disease|Diabetes']",Diabetes,0.0068924804020590435,1.0,32.76445893572261,10
"['fatigue', 'weight_loss', 'lethargy', 'irregular_sugar_level', 'blurred_and_distorted_vision', 'obesity', 'excessive_hunger', 'increased_appetite', 'polyuria', 'Disease|Diabetes']",Diabetes,0.0067098101589012325,1.0,32.76445893572261,10
"['fatigue', 'weight_loss', 'restlessness', 'irregular_sugar_level', 'blurred_and_distorted_vision', 'obesity', 'excessive_hunger', 'increased_appetite', 'polyuria', 'Disease|Diabetes']",Diabetes,0.006983815523637949,1.0,32.76445893572261,10
"['fatigue', 'weight_loss', 'restlessness', 'lethargy', 'blurred_and_distorted_vision', 'obesity', 'excessive_hunger', 'increased_appetite', 'polyuria', 'Disease|Diabetes']",Diabetes,0.0067098101589012325,1.0,32.76445893572261,10
"['fatigue', 'weight_loss', 'restlessness', 'lethargy', 'irregular_sugar_level', 'obesity', 'excessive_hunger', 'increased_appetite', 'polyuria', 'Disease|Diabetes']",Diabetes,0.0067098101589012325,1.0,32.76445893572261,10
"['fatigue', 'weight_loss', 'restlessness', 'lethargy', 'irregular_sugar_level', 'blurred_and_distorted_vision', 'excessive_hunger', 'increased_appetite', 'polyuria', 'Disease|Diabetes']",Diabetes,0.006801145280480137,1.0,32.76445893572261,10
"['fatigue', 'weight_loss', 'restlessness', 'lethargy', 'irregular_sugar_level', 'blurred_and_distorted_vision', 'obesity', 'increased_appetite', 'polyuria', 'Disease|Diabetes']",Diabetes,0.006801145280480137,1.0,32.76445893572261,10
"['vomiting', 'sunken_eyes', 'dehydration', 'diarrhoea', 'Disease|Gastroenteritis']",Gastroenteritis,0.00330633140115638,1.0,63.58124704673697,5
"['sunken_eyes', 'dehydration', 'diarrhoea', 'Disease|Gastroenteritis']",Gastroenteritis,0.006297556632865535,1.0,63.58124704673697,4
"['vomiting', 'dehydration', 'diarrhoea', 'Disease|Gastroenteritis']",Gastroenteritis,0.006754232240760063,1.0,63.58124704673697,4
"['vomiting', 'sunken_eyes', 'diarrhoea', 'Disease|Gastroenteritis']",Gastroenteritis,0.0065258944368127994,1.0,63.58124704673697,4
"['vomiting', 'sunken_eyes', 'dehydration', 'Disease|Gastroenteritis']",Gastroenteritis,0.006069218828918271,1.0,63.58124704673697,4
"['fatigue', 'cough', 'high_fever', 'breathlessness', 'family_history', 'mucoid_sputum', 'Disease|BronchialAsthma']",BronchialAsthma,0.003666452737667493,1.0,39.88940068882897,7
"['cough', 'high_fever', 'breathlessness', 'family_history', 'mucoid_sputum', 'Disease|BronchialAsthma']",BronchialAsthma,0.007335080121086865,1.0,39.88940068882898,6
"['fatigue', 'high_fever', 'breathlessness', 'family_history', 'mucoid_sputum', 'Disease|BronchialAsthma']",BronchialAsthma,0.007335080121086865,1.0,39.88940068882898,6
"['fatigue', 'cough', 'breathlessness', 'family_history', 'mucoid_sputum', 'Disease|BronchialAsthma']",BronchialAsthma,0.006878404513192338,1.0,39.88940068882898,6
"['fatigue', 'cough', 'high_fever', 'family_history', 'mucoid_sputum', 'Disease|BronchialAsthma']",BronchialAsthma,0.007335080121086865,1.0,39.88940068882898,6
"['fatigue', 'cough', 'high_fever', 'breathlessness', 'mucoid_sputum', 'Disease|BronchialAsthma']",BronchialAsthma,0.007182854918455355,1.0,39.88940068882898,6
"['fatigue', 'cough', 'high_fever', 'breathlessness', 'family_history', 'Disease|BronchialAsthma']",BronchialAsthma,0.007335080121086865,1.0,39.88940068882898,6
"['headache', 'chest_pain', 'dizziness', 'loss_of_balance', 'lack_of_concentration', 'Disease|Hypertension']",Hypertension,0.0032119517755248446,1.0,53.626240366276434,6
"['chest_pain', 'dizziness', 'loss_of_balance', 'lack_of_concentration', 'Disease|Hypertension']",Hypertension,0.006518283176681224,1.0,53.626240366276434,5
"['headache', 'dizziness', 'loss_of_balance', 'lack_of_concentration', 'Disease|Hypertension']",Hypertension,0.00578760220404998,1.0,53.626240366276434,5
"['headache', 'chest_pain', 'loss_of_balance', 'lack_of_concentration', 'Disease|Hypertension']",Hypertension,0.006335612933523414,1.0,53.626240366276434,5
"['headache', 'chest_pain', 'dizziness', 'lack_of_concentration', 'Disease|Hypertension']",Hypertension,0.006335612933523414,1.0,53.626240366276434,5
"['headache', 'chest_pain', 'dizziness', 'loss_of_balance', 'Disease|Hypertension']",Hypertension,0.006518283176681224,1.0,53.626240366276434,5
"['acidity', 'indigestion', 'headache', 'blurred_and_distorted_vision', 'excessive_hunger', 'stiff_neck', 'depression', 'irritability', 'visual_disturbances', 'Disease|Migraine']",Migraine,0.002931857402682867,1.0,34.479238837269655,10
"['indigestion', 'headache', 'blurred_and_distorted_vision', 'excessive_hunger', 'stiff_neck', 'depression', 'irritability', 'visual_disturbances', 'Disease|Migraine']",Migraine,0.005885026333734146,1.0,34.47923883726966,9
"['acidity', 'headache', 'blurred_and_distorted_vision', 'excessive_hunger', 'stiff_neck', 'depression', 'irritability', 'visual_disturbances', 'Disease|Migraine']",Migraine,0.0056820593968921335,1.0,34.47923883726966,9
"['acidity', 'indigestion', 'blurred_and_distorted_vision', 'excessive_hunger', 'stiff_neck', 'depression', 'irritability', 'visual_disturbances', 'Disease|Migraine']",Migraine,0.005885026333734146,1.0,34.47923883726966,9
"['acidity', 'indigestion', 'headache', 'excessive_hunger', 'stiff_neck', 'depression', 'irritability', 'visual_disturbances', 'Disease|Migraine']",Migraine,0.0056820593968921335,1.0,34.47923883726966,9
"['acidity', 'indigestion', 'headache', 'blurred_and_distorted_vision', 'stiff_neck', 'depression', 'irritability', 'visual_disturbances', 'Disease|Migraine']",Migraine,0.00578354286531314,1.0,34.479238837269655,9
"['acidity', 'indigestion', 'headache', 'blurred_and_distorted_vision', 'excessive_hunger', 'depression', 'irritability', 'visual_disturbances', 'Disease|Migraine']",Migraine,0.00578354286531314,1.0,34.479238837269655,9
"['acidity', 'indigestion', 'headache', 'blurred_and_distorted_vision', 'excessive_hunger', 'stiff_neck', 'irritability', 'visual_disturbances', 'Disease|Migraine']",Migraine,0.005885026333734146,1.0,34.47923883726966,9
"['acidity', 'indigestion', 'headache', 'blurred_and_distorted_vision', 'excessive_hunger', 'stiff_neck', 'depression', 'visual_disturbances', 'Disease|Migraine']",Migraine,0.005986509802155151,1.0,34.479238837269655,9
"['acidity', 'indigestion', 'headache', 'blurred_and_distorted_vision', 'excessive_hunger', 'stiff_neck', 'depression', 'irritability', 'Disease|Migraine']",Migraine,0.005885026333734146,1.0,34.47923883726966,9
"['back_pain', 'weakness_in_limbs', 'neck_pain', 'dizziness', 'loss_of_balance', 'Disease|Cervicalspondylosis']",Cervicalspondylosis,0.0035164021807878626,1.0,48.98743061050606,6
"['weakness_in_limbs', 'neck_pain', 'dizziness', 'loss_of_balance', 'Disease|Cervicalspondylosis']",Cervicalspondylosis,0.007188074068259866,1.0,48.98743061050607,5
"['back_pain', 'neck_pain', 'dizziness', 'loss_of_balance', 'Disease|Cervicalspondylosis']",Cervicalspondylosis,0.006457393095628621,1.0,48.98743061050607,5
"['back_pain', 'weakness_in_limbs', 'dizziness', 'loss_of_balance', 'Disease|Cervicalspondylosis']",Cervicalspondylosis,0.006822733581944243,1.0,48.98743061050607,5
"['back_pain', 'weakness_in_limbs', 'neck_pain', 'loss_of_balance', 'Disease|Cervicalspondylosis']",Cervicalspondylosis,0.007005403825102053,1.0,48.98743061050607,5
"['back_pain', 'weakness_in_limbs', 'neck_pain', 'dizziness', 'Disease|Cervicalspondylosis']",Cervicalspondylosis,0.007005403825102053,1.0,48.98743061050607,5
"['vomiting', 'headache', 'weakness_of_one_body_side', 'altered_sensorium', 'Disease|Paralysis(brainhemorrhage)']",Paralysis(brainhemorrhage),0.0025756504285251356,1.0,81.58487884834655,5
"['headache', 'weakness_of_one_body_side', 'altered_sensorium', 'Disease|Paralysis(brainhemorrhage)']",Paralysis(brainhemorrhage),0.004653524444445236,1.0,81.58487884834656,4
"['vomiting', 'weakness_of_one_body_side', 'altered_sensorium', 'Disease|Paralysis(brainhemorrhage)']",Paralysis(brainhemorrhage),0.005110200052339763,1.0,81.58487884834656,4
"['vomiting', 'headache', 'altered_sensorium', 'Disease|Paralysis(brainhemorrhage)']",Paralysis(brainhemorrhage),0.0048818622483925,1.0,81.58487884834656,4
"['vomiting', 'headache', 'weakness_of_one_body_side', 'Disease|Paralysis(brainhemorrhage)']",Paralysis(brainhemorrhage),0.005338537856287027,1.0,81.58487884834656,4
"['itching', 'vomiting', 'fatigue', 'weight_loss', 'high_fever', 'yellowish_skin', 'dark_urine', 'abdominal_pain', 'Disease|Jaundice']",Jaundice,0.003156135867893291,1.0,35.6860902392152,9
"['vomiting', 'fatigue', 'weight_loss', 'high_fever', 'yellowish_skin', 'dark_urine', 'abdominal_pain', 'Disease|Jaundice']",Jaundice,0.006592619817299611,1.0,35.68609023921519,8
"['itching', 'fatigue', 'weight_loss', 'high_fever', 'yellowish_skin', 'dark_urine', 'abdominal_pain', 'Disease|Jaundice']",Jaundice,0.0061359442094050835,1.0,35.68609023921519,8
"['itching', 'vomiting', 'weight_loss', 'high_fever', 'yellowish_skin', 'dark_urine', 'abdominal_pain', 'Disease|Jaundice']",Jaundice,0.006250113111378716,1.0,35.6860902392152,8
"['itching', 'vomiting', 'fatigue', 'high_fever', 'yellowish_skin', 'dark_urine', 'abdominal_pain', 'Disease|Jaundice']",Jaundice,0.006364282013352348,1.0,35.6860902392152,8
"['itching', 'vomiting', 'fatigue', 'weight_loss', 'yellowish_skin', 'dark_urine', 'abdominal_pain', 'Disease|Jaundice']",Jaundice,0.00590760640545782,1.0,35.68609023921519,8
"['itching', 'vomiting', 'fatigue', 'weight_loss', 'high_fever', 'dark_urine', 'abdominal_pain', 'Disease|Jaundice']",Jaundice,0.006364282013352348,1.0,35.6860902392152,8
"['itching', 'vomiting', 'fatigue', 'weight_loss', 'high_fever', 'yellowish_skin', 'abdominal_pain', 'Disease|Jaundice']",Jaundice,0.006250113111378716,1.0,35.6860902392152,8
"['itching', 'vomiting', 'fatigue', 'weight_loss', 'high_fever', 'yellowish_skin', 'dark_urine', 'Disease|Jaundice']",Jaundice,0.006250113111378716,1.0,35.6860902392152,8
"['chills', 'vomiting', 'high_fever', 'sweating', 'headache', 'nausea', 'muscle_pain', 'Disease|Malaria']",Malaria,0.006668732418615366,1.0,36.955873301029655,8
"['chills', 'vomiting', 'high_fever', 'sweating', 'headache', 'nausea', 'diarrhoea', 'muscle_pain', 'Disease|Malaria']",Malaria,0.0034605862731563095,1.0,36.955873301029655,9
"['vomiting', 'high_fever', 'sweating', 'headache', 'nausea', 'diarrhoea', 'muscle_pain', 'Disease|Malaria']",Malaria,0.007011239124536261,1.0,36.955873301029655,8
"['chills', 'high_fever', 'sweating', 'headache', 'nausea', 'diarrhoea', 'muscle_pain', 'Disease|Malaria']",Malaria,0.006782901320588997,1.0,36.955873301029655,8
"['chills', 'vomiting', 'sweating', 'headache', 'nausea', 'diarrhoea', 'muscle_pain', 'Disease|Malaria']",Malaria,0.006554563516641734,1.0,36.955873301029655,8
"['chills', 'vomiting', 'high_fever', 'headache', 'nausea', 'diarrhoea', 'muscle_pain', 'Disease|Malaria']",Malaria,0.007011239124536261,1.0,36.955873301029655,8
"['chills', 'vomiting', 'high_fever', 'sweating', 'nausea', 'diarrhoea', 'muscle_pain', 'Disease|Malaria']",Malaria,0.007011239124536261,1.0,36.955873301029655,8
"['chills', 'vomiting', 'high_fever', 'sweating', 'headache', 'diarrhoea', 'muscle_pain', 'Disease|Malaria']",Malaria,0.006782901320588997,1.0,36.955873301029655,8
"['itching', 'skin_rash', 'fatigue', 'lethargy', 'high_fever', 'headache', 'loss_of_appetite', 'mild_fever', 'swelled_lymph_nodes', 'malaise', 'red_spots_over_body', 'Disease|Chickenpox']",Chickenpox,0.0033565657180247782,1.0,29.934902915784292,12
"['skin_rash', 'fatigue', 'lethargy', 'high_fever', 'headache', 'loss_of_appetite', 'mild_fever', 'swelled_lymph_nodes', 'malaise', 'red_spots_over_body', 'Disease|Chickenpox']",Chickenpox,0.0069352418453437125,1.0,29.934902915784292,11
"['itching', 'fatigue', 'lethargy', 'high_fever', 'headache', 'loss_of_appetite', 'mild_fever', 'swelled_lymph_nodes', 'malaise', 'red_spots_over_body', 'Disease|Chickenpox']",Chickenpox,0.006769177987927521,1.0,29.934902915784292,11
"['itching', 'skin_rash', 'lethargy', 'high_fever', 'headache', 'loss_of_appetite', 'mild_fever', 'swelled_lymph_nodes', 'malaise', 'red_spots_over_body', 'Disease|Chickenpox']",Chickenpox,0.006686146059219424,1.0,29.93490291578429,11
"['itching', 'skin_rash', 'fatigue', 'high_fever', 'headache', 'loss_of_appetite', 'mild_fever', 'swelled_lymph_nodes', 'malaise', 'red_spots_over_body', 'Disease|Chickenpox']",Chickenpox,0.006852209916635617,1.0,29.934902915784292,11
"['itching', 'skin_rash', 'fatigue', 'lethargy', 'headache', 'loss_of_appetite', 'mild_fever', 'swelled_lymph_nodes', 'malaise', 'red_spots_over_body', 'Disease|Chickenpox']",Chickenpox,0.006437050273095137,1.0,29.93490291578429,11
"['itching', 'skin_rash', 'fatigue', 'lethargy', 'high_fever', 'loss_of_appetite', 'mild_fever', 'swelled_lymph_nodes', 'malaise', 'red_spots_over_body', 'Disease|Chickenpox']",Chickenpox,0.006769177987927521,1.0,29.934902915784292,11
"['itching', 'skin_rash', 'fatigue', 'lethargy', 'high_fever', 'headache', 'mild_fever', 'swelled_lymph_nodes', 'malaise', 'red_spots_over_body', 'Disease|Chickenpox']",Chickenpox,0.006686146059219424,1.0,29.93490291578429,11
"['itching', 'skin_rash', 'fatigue', 'lethargy', 'high_fever', 'headache', 'loss_of_appetite', 'swelled_lymph_nodes', 'malaise', 'red_spots_over_body', 'Disease|Chickenpox']",Chickenpox,0.006603114130511329,1.0,29.93490291578429,11
"['itching', 'skin_rash', 'fatigue', 'lethargy', 'high_fever', 'headache', 'loss_of_appetite', 'mild_fever', 'malaise', 'red_spots_over_body', 'Disease|Chickenpox']",Chickenpox,0.006520082201803233,1.0,29.93490291578429,11
"['skin_rash', 'chills', 'joint_pain', 'vomiting', 'fatigue', 'high_fever', 'headache', 'nausea', 'loss_of_appetite', 'pain_behind_the_eyes', 'back_pain', 'muscle_pain', 'red_spots_over_body', 'Disease|Dengue']",Dengue,0.006558296658515791,1.0,29.977249451806443,14
"['skin_rash', 'chills', 'joint_pain', 'vomiting', 'fatigue', 'high_fever', 'headache', 'nausea', 'loss_of_appetite', 'pain_behind_the_eyes', 'back_pain', 'malaise', 'red_spots_over_body', 'Disease|Dengue']",Dengue,0.006819254148741237,1.0,29.977249451806447,14
"['skin_rash', 'chills', 'joint_pain', 'vomiting', 'fatigue', 'high_fever', 'headache', 'nausea', 'loss_of_appetite', 'pain_behind_the_eyes', 'back_pain', 'malaise', 'muscle_pain', 'Disease|Dengue']",Dengue,0.006754014776184876,1.0,29.977249451806447,14
"['skin_rash', 'chills', 'joint_pain', 'vomiting', 'fatigue', 'high_fever', 'headache', 'nausea', 'loss_of_appetite', 'pain_behind_the_eyes', 'back_pain', 'malaise', 'muscle_pain', 'red_spots_over_body', 'Disease|Dengue']",Dengue,0.0033550434659984627,1.0,29.977249451806447,15
"['chills', 'joint_pain', 'vomiting', 'fatigue', 'high_fever', 'headache', 'nausea', 'loss_of_appetite', 'pain_behind_the_eyes', 'back_pain', 'malaise', 'muscle_pain', 'red_spots_over_body', 'Disease|Dengue']",Dengue,0.006754014776184876,1.0,29.977249451806447,14
"['skin_rash', 'joint_pain', 'vomiting', 'fatigue', 'high_fever', 'headache', 'nausea', 'loss_of_appetite', 'pain_behind_the_eyes', 'back_pain', 'malaise', 'muscle_pain', 'red_spots_over_body', 'Disease|Dengue']",Dengue,0.006754014776184876,1.0,29.977249451806447,14
"['skin_rash', 'chills', 'vomiting', 'fatigue', 'high_fever', 'headache', 'nausea', 'loss_of_appetite', 'pain_behind_the_eyes', 'back_pain', 'malaise', 'muscle_pain', 'red_spots_over_body', 'Disease|Dengue']",Dengue,0.006754014776184876,1.0,29.977249451806447,14
"['skin_rash', 'chills', 'joint_pain', 'fatigue', 'high_fever', 'headache', 'nausea', 'loss_of_appetite', 'pain_behind_the_eyes', 'back_pain', 'malaise', 'muscle_pain', 'red_spots_over_body', 'Disease|Dengue']",Dengue,0.006623536031072154,1.0,29.977249451806443,14
"['skin_rash', 'chills', 'joint_pain', 'vomiting', 'high_fever', 'headache', 'nausea', 'loss_of_appetite', 'pain_behind_the_eyes', 'back_pain', 'malaise', 'muscle_pain', 'red_spots_over_body', 'Disease|Dengue']",Dengue,0.006688775403628514,1.0,29.977249451806443,14
"['skin_rash', 'chills', 'joint_pain', 'vomiting', 'fatigue', 'headache', 'nausea', 'loss_of_appetite', 'pain_behind_the_eyes', 'back_pain', 'malaise', 'muscle_pain', 'red_spots_over_body', 'Disease|Dengue']",Dengue,0.006493057285959431,1.0,29.977249451806447,14
"['chills', 'vomiting', 'fatigue', 'high_fever', 'nausea', 'constipation', 'abdominal_pain', 'diarrhoea', 'toxic_look_(typhos)', 'belly_pain', 'Disease|Typhoid']",Typhoid,0.007724045168070624,1.0,29.322685046181544,11
"['chills', 'vomiting', 'fatigue', 'high_fever', 'headache', 'constipation', 'abdominal_pain', 'diarrhoea', 'toxic_look_(typhos)', 'belly_pain', 'Disease|Typhoid']",Typhoid,0.007557981310654432,1.0,29.322685046181544,11
"['chills', 'vomiting', 'fatigue', 'high_fever', 'headache', 'nausea', 'abdominal_pain', 'diarrhoea', 'toxic_look_(typhos)', 'belly_pain', 'Disease|Typhoid']",Typhoid,0.007641013239362529,1.0,29.322685046181544,11
"['chills', 'vomiting', 'fatigue', 'high_fever', 'headache', 'nausea', 'constipation', 'diarrhoea', 'toxic_look_(typhos)', 'belly_pain', 'Disease|Typhoid']",Typhoid,0.007641013239362529,1.0,29.322685046181544,11
"['chills', 'vomiting', 'fatigue', 'high_fever', 'headache', 'nausea', 'constipation', 'abdominal_pain', 'toxic_look_(typhos)', 'belly_pain', 'Disease|Typhoid']",Typhoid,0.0074749493819463355,1.0,29.322685046181544,11
"['chills', 'vomiting', 'fatigue', 'high_fever', 'headache', 'nausea', 'constipation', 'abdominal_pain', 'diarrhoea', 'belly_pain', 'Disease|Typhoid']",Typhoid,0.007557981310654432,1.0,29.322685046181544,11
"['chills', 'vomiting', 'fatigue', 'high_fever', 'headache', 'nausea', 'constipation', 'abdominal_pain', 'diarrhoea', 'toxic_look_(typhos)', 'Disease|Typhoid']",Typhoid,0.007641013239362529,1.0,29.322685046181544,11
"['chills', 'vomiting', 'fatigue', 'high_fever', 'headache', 'nausea', 'constipation', 'abdominal_pain', 'diarrhoea', 'toxic_look_(typhos)', 'belly_pain', 'Disease|Typhoid']",Typhoid,0.003813241325919305,1.0,29.32268504618154,12
"['chills', 'fatigue', 'high_fever', 'headache', 'nausea', 'constipation', 'abdominal_pain', 'diarrhoea', 'toxic_look_(typhos)', 'belly_pain', 'Disease|Typhoid']",Typhoid,0.007557981310654432,1.0,29.322685046181544,11
"['joint_pain', 'vomiting', 'yellowish_skin', 'dark_urine', 'nausea', 'loss_of_appetite', 'abdominal_pain', 'diarrhoea', 'mild_fever', 'yellowing_of_eyes', 'muscle_pain', 'Disease|hepatitisA']",hepatitisA,0.0034326783193405325,1.0,32.71447083032234,12
"['vomiting', 'yellowish_skin', 'dark_urine', 'nausea', 'loss_of_appetite', 'abdominal_pain', 'diarrhoea', 'mild_fever', 'yellowing_of_eyes', 'muscle_pain', 'Disease|hepatitisA']",hepatitisA,0.006928322517951372,1.0,32.71447083032234,11
"['joint_pain', 'yellowish_skin', 'dark_urine', 'nausea', 'loss_of_appetite', 'abdominal_pain', 'diarrhoea', 'mild_fever', 'yellowing_of_eyes', 'muscle_pain', 'Disease|hepatitisA']",hepatitisA,0.00676225866053518,1.0,32.71447083032234,11
"['joint_pain', 'vomiting', 'dark_urine', 'nausea', 'loss_of_appetite', 'abdominal_pain', 'diarrhoea', 'mild_fever', 'yellowing_of_eyes', 'muscle_pain', 'Disease|hepatitisA']",hepatitisA,0.006928322517951372,1.0,32.71447083032234,11
"['joint_pain', 'vomiting', 'yellowish_skin', 'nausea', 'loss_of_appetite', 'abdominal_pain', 'diarrhoea', 'mild_fever', 'yellowing_of_eyes', 'muscle_pain', 'Disease|hepatitisA']",hepatitisA,0.006845290589243274,1.0,32.71447083032234,11
"['joint_pain', 'vomiting', 'yellowish_skin', 'dark_urine', 'loss_of_appetite', 'abdominal_pain', 'diarrhoea', 'mild_fever', 'yellowing_of_eyes', 'muscle_pain', 'Disease|hepatitisA']",hepatitisA,0.00676225866053518,1.0,32.71447083032234,11
"['joint_pain', 'vomiting', 'yellowish_skin', 'dark_urine', 'nausea', 'abdominal_pain', 'diarrhoea', 'mild_fever', 'yellowing_of_eyes', 'muscle_pain', 'Disease|hepatitisA']",hepatitisA,0.006845290589243274,1.0,32.71447083032234,11
"['joint_pain', 'vomiting', 'yellowish_skin', 'dark_urine', 'nausea', 'loss_of_appetite', 'diarrhoea', 'mild_fever', 'yellowing_of_eyes', 'muscle_pain', 'Disease|hepatitisA']",hepatitisA,0.006845290589243274,1.0,32.71447083032234,11
"['joint_pain', 'vomiting', 'yellowish_skin', 'dark_urine', 'nausea', 'loss_of_appetite', 'abdominal_pain', 'mild_fever', 'yellowing_of_eyes', 'muscle_pain', 'Disease|hepatitisA']",hepatitisA,0.006679226731827083,1.0,32.71447083032234,11
"['itching', 'fatigue', 'lethargy', 'yellowish_skin', 'dark_urine', 'loss_of_appetite', 'abdominal_pain', 'yellow_urine', 'yellowing_of_eyes', 'malaise', 'receiving_blood_transfusion', 'receiving_unsterile_injections', 'Disease|HepatitisB']",HepatitisB,0.003028110569269868,1.0,36.63968928406351,13
"['fatigue', 'lethargy', 'yellowish_skin', 'dark_urine', 'loss_of_appetite', 'abdominal_pain', 'yellow_urine', 'yellowing_of_eyes', 'malaise', 'receiving_blood_transfusion', 'receiving_unsterile_injections', 'Disease|HepatitisB']",HepatitisB,0.006232451084663137,1.0,36.63968928406351,12
"['itching', 'lethargy', 'yellowish_skin', 'dark_urine', 'loss_of_appetite', 'abdominal_pain', 'yellow_urine', 'yellowing_of_eyes', 'malaise', 'receiving_blood_transfusion', 'receiving_unsterile_injections', 'Disease|HepatitisB']",HepatitisB,0.006004113280715873,1.0,36.63968928406351,12
"['itching', 'fatigue', 'yellowish_skin', 'dark_urine', 'loss_of_appetite', 'abdominal_pain', 'yellow_urine', 'yellowing_of_eyes', 'malaise', 'receiving_blood_transfusion', 'receiving_unsterile_injections', 'Disease|HepatitisB']",HepatitisB,0.006156338483347382,1.0,36.639689284063515,12
"['itching', 'fatigue', 'lethargy', 'dark_urine', 'loss_of_appetite', 'abdominal_pain', 'yellow_urine', 'yellowing_of_eyes', 'malaise', 'receiving_blood_transfusion', 'receiving_unsterile_injections', 'Disease|HepatitisB']",HepatitisB,0.006080225882031628,1.0,36.639689284063515,12
"['itching', 'fatigue', 'lethargy', 'yellowish_skin', 'loss_of_appetite', 'abdominal_pain', 'yellow_urine', 'yellowing_of_eyes', 'malaise', 'receiving_blood_transfusion', 'receiving_unsterile_injections', 'Disease|HepatitisB']",HepatitisB,0.006004113280715873,1.0,36.63968928406351,12
"['itching', 'fatigue', 'lethargy', 'yellowish_skin', 'dark_urine', 'abdominal_pain', 'yellow_urine', 'yellowing_of_eyes', 'malaise', 'receiving_blood_transfusion', 'receiving_unsterile_injections', 'Disease|HepatitisB']",HepatitisB,0.006004113280715873,1.0,36.63968928406351,12
"['itching', 'fatigue', 'lethargy', 'yellowish_skin', 'dark_urine', 'loss_of_appetite', 'yellow_urine', 'yellowing_of_eyes', 'malaise', 'receiving_blood_transfusion', 'receiving_unsterile_injections', 'Disease|HepatitisB']",HepatitisB,0.006004113280715873,1.0,36.63968928406351,12
"['itching', 'fatigue', 'lethargy', 'yellowish_skin', 'dark_urine', 'loss_of_appetite', 'abdominal_pain', 'yellowing_of_eyes', 'malaise', 'receiving_blood_transfusion', 'receiving_unsterile_injections', 'Disease|HepatitisB']",HepatitisB,0.006004113280715873,1.0,36.63968928406351,12
"['fatigue', 'yellowish_skin', 'nausea', 'loss_of_appetite', 'family_history', 'Disease|HepatitisC']",HepatitisC,0.006486968277854171,1.0,44.65381735684797,6
"['fatigue', 'yellowish_skin', 'nausea', 'loss_of_appetite', 'yellowing_of_eyes', 'family_history', 'Disease|HepatitisC']",HepatitisC,0.0032750165023293265,1.0,44.65381735684797,7
"['yellowish_skin', 'nausea', 'loss_of_appetite', 'yellowing_of_eyes', 'family_history', 'Disease|HepatitisC']",HepatitisC,0.006486968277854171,1.0,44.65381735684797,6
"['fatigue', 'nausea', 'loss_of_appetite', 'yellowing_of_eyes', 'family_history', 'Disease|HepatitisC']",HepatitisC,0.00663919348048568,1.0,44.65381735684798,6
"['fatigue', 'yellowish_skin', 'loss_of_appetite', 'yellowing_of_eyes', 'family_history', 'Disease|HepatitisC']",HepatitisC,0.006334743075222662,1.0,44.65381735684798,6
"['fatigue', 'yellowish_skin', 'nausea', 'yellowing_of_eyes', 'family_history', 'Disease|HepatitisC']",HepatitisC,0.006486968277854171,1.0,44.65381735684797,6
"['fatigue', 'yellowish_skin', 'nausea', 'loss_of_appetite', 'yellowing_of_eyes', 'Disease|HepatitisC']",HepatitisC,0.006334743075222662,0.1354376859322057,6.047809690850852,6
"['joint_pain', 'vomiting', 'fatigue', 'yellowish_skin', 'dark_urine', 'nausea', 'loss_of_appetite', 'abdominal_pain', 'yellowing_of_eyes', 'Disease|HepatitisD']",HepatitisD,0.0032971978889984894,0.21747563817392224,6.667805953977432,10
"['vomiting', 'fatigue', 'yellowish_skin', 'dark_urine', 'nausea', 'loss_of_appetite', 'abdominal_pain', 'yellowing_of_eyes', 'Disease|HepatitisD']",HepatitisD,0.006656300693733793,0.2935839066936083,9.001286477329806,9
"['joint_pain', 'fatigue', 'yellowish_skin', 'dark_urine', 'nausea', 'loss_of_appetite', 'abdominal_pain', 'yellowing_of_eyes', 'Disease|HepatitisD']",HepatitisD,0.0064533337568917805,0.289010230521355,8.86105750516086,9
"['joint_pain', 'vomiting', 'yellowish_skin', 'dark_urine', 'nausea', 'loss_of_appetite', 'abdominal_pain', 'yellowing_of_eyes', 'Disease|HepatitisD']",HepatitisD,0.006554817225312787,0.22463349946172567,6.8872660761010485,9
"['joint_pain', 'vomiting', 'fatigue', 'dark_urine', 'nausea', 'loss_of_appetite', 'abdominal_pain', 'yellowing_of_eyes', 'Disease|HepatitisD']",HepatitisD,0.006656300693733793,0.29358390669360823,9.001286477329804,9
"['joint_pain', 'vomiting', 'fatigue', 'yellowish_skin', 'nausea', 'loss_of_appetite', 'abdominal_pain', 'yellowing_of_eyes', 'Disease|HepatitisD']",HepatitisD,0.006554817225312787,0.29131452327566215,8.931707151603504,9
"['joint_pain', 'vomiting', 'fatigue', 'yellowish_skin', 'dark_urine', 'loss_of_appetite', 'abdominal_pain', 'yellowing_of_eyes', 'Disease|HepatitisD']",HepatitisD,0.0064533337568917805,0.289010230521355,8.86105750516086,9
"['joint_pain', 'vomiting', 'fatigue', 'yellowish_skin', 'dark_urine', 'nausea', 'abdominal_pain', 'yellowing_of_eyes', 'Disease|HepatitisD']",HepatitisD,0.006554817225312787,0.35587552539515893,10.911148333805537,9
"['joint_pain', 'vomiting', 'fatigue', 'yellowish_skin', 'dark_urine', 'nausea', 'loss_of_appetite', 'yellowing_of_eyes', 'Disease|HepatitisD']",HepatitisD,0.006554817225312787,0.35587552539515893,10.911148333805537,9
"['joint_pain', 'vomiting', 'fatigue', 'yellowish_skin', 'dark_urine', 'nausea', 'loss_of_appetite', 'abdominal_pain', 'Disease|HepatitisD']",HepatitisD,0.006554817225312787,0.35587552539515893,10.911148333805537,9
"['joint_pain', 'vomiting', 'fatigue', 'high_fever', 'yellowish_skin', 'dark_urine', 'nausea', 'loss_of_appetite', 'abdominal_pain', 'yellowing_of_eyes', 'coma', 'stomach_bleeding', 'Disease|HepatitisE']",HepatitisE,0.007992826820808947,1.0,27.505855682842913,13
"['joint_pain', 'vomiting', 'fatigue', 'high_fever', 'yellowish_skin', 'dark_urine', 'nausea', 'loss_of_appetite', 'abdominal_pain', 'yellowing_of_eyes', 'acute_liver_failure', 'coma', 'stomach_bleeding', 'Disease|HepatitisE']",HepatitisE,0.004051365035750024,1.0,27.505855682842917,14
"['vomiting', 'fatigue', 'high_fever', 'yellowish_skin', 'dark_urine', 'nausea', 'loss_of_appetite', 'abdominal_pain', 'yellowing_of_eyes', 'acute_liver_failure', 'coma', 'stomach_bleeding', 'Disease|HepatitisE']",HepatitisE,0.008203600178298728,1.0,27.505855682842917,13
"['joint_pain', 'fatigue', 'high_fever', 'yellowish_skin', 'dark_urine', 'nausea', 'loss_of_appetite', 'abdominal_pain', 'yellowing_of_eyes', 'acute_liver_failure', 'coma', 'stomach_bleeding', 'Disease|HepatitisE']",HepatitisE,0.008063084606638874,1.0,27.505855682842917,13
"['joint_pain', 'vomiting', 'high_fever', 'yellowish_skin', 'dark_urine', 'nausea', 'loss_of_appetite', 'abdominal_pain', 'yellowing_of_eyes', 'acute_liver_failure', 'coma', 'stomach_bleeding', 'Disease|HepatitisE']",HepatitisE,0.008133342392468802,1.0,27.505855682842917,13
"['joint_pain', 'vomiting', 'fatigue', 'yellowish_skin', 'dark_urine', 'nausea', 'loss_of_appetite', 'abdominal_pain', 'yellowing_of_eyes', 'acute_liver_failure', 'coma', 'stomach_bleeding', 'Disease|HepatitisE']",HepatitisE,0.007922569034979019,1.0,27.505855682842913,13
"['joint_pain', 'vomiting', 'fatigue', 'high_fever', 'dark_urine', 'nausea', 'loss_of_appetite', 'abdominal_pain', 'yellowing_of_eyes', 'acute_liver_failure', 'coma', 'stomach_bleeding', 'Disease|HepatitisE']",HepatitisE,0.008203600178298728,1.0,27.505855682842917,13
"['joint_pain', 'vomiting', 'fatigue', 'high_fever', 'yellowish_skin', 'nausea', 'loss_of_appetite', 'abdominal_pain', 'yellowing_of_eyes', 'acute_liver_failure', 'coma', 'stomach_bleeding', 'Disease|HepatitisE']",HepatitisE,0.008133342392468802,1.0,27.505855682842917,13
"['joint_pain', 'vomiting', 'fatigue', 'high_fever', 'yellowish_skin', 'dark_urine', 'loss_of_appetite', 'abdominal_pain', 'yellowing_of_eyes', 'acute_liver_failure', 'coma', 'stomach_bleeding', 'Disease|HepatitisE']",HepatitisE,0.008063084606638874,1.0,27.505855682842917,13
"['vomiting', 'yellowish_skin', 'abdominal_pain', 'fluid_overload', 'swelling_of_stomach', 'distention_of_abdomen', 'history_of_alcohol_consumption', 'Disease|Alcoholichepatitis']",Alcoholichepatitis,0.003893159557300848,1.0,32.67743332735138,8
"['yellowish_skin', 'abdominal_pain', 'fluid_overload', 'swelling_of_stomach', 'distention_of_abdomen', 'history_of_alcohol_consumption', 'Disease|Alcoholichepatitis']",Alcoholichepatitis,0.007690091040081063,1.0,32.67743332735138,7
"['vomiting', 'abdominal_pain', 'fluid_overload', 'swelling_of_stomach', 'distention_of_abdomen', 'history_of_alcohol_consumption', 'Disease|Alcoholichepatitis']",Alcoholichepatitis,0.007951048530306508,1.0,32.67743332735138,7
"['vomiting', 'yellowish_skin', 'fluid_overload', 'swelling_of_stomach', 'distention_of_abdomen', 'history_of_alcohol_consumption', 'Disease|Alcoholichepatitis']",Alcoholichepatitis,0.007820569785193784,1.0,32.67743332735138,7
"['vomiting', 'yellowish_skin', 'abdominal_pain', 'fluid_overload', 'distention_of_abdomen', 'history_of_alcohol_consumption', 'Disease|Alcoholichepatitis']",Alcoholichepatitis,0.007429133549855619,1.0,32.67743332735137,7
"['vomiting', 'yellowish_skin', 'abdominal_pain', 'fluid_overload', 'swelling_of_stomach', 'history_of_alcohol_consumption', 'Disease|Alcoholichepatitis']",Alcoholichepatitis,0.007820569785193784,1.0,32.67743332735138,7
"['vomiting', 'yellowish_skin', 'abdominal_pain', 'fluid_overload', 'swelling_of_stomach', 'distention_of_abdomen', 'Disease|Alcoholichepatitis']",Alcoholichepatitis,0.007690091040081063,1.0,32.67743332735138,7
"['vomiting', 'yellowish_skin', 'abdominal_pain', 'swelling_of_stomach', 'distention_of_abdomen', 'history_of_alcohol_consumption', 'Disease|Alcoholichepatitis']",Alcoholichepatitis,0.007559612294968342,1.0,32.67743332735138,7
"['chills', 'vomiting', 'fatigue', 'weight_loss', 'cough', 'high_fever', 'breathlessness', 'sweating', 'loss_of_appetite', 'mild_fever', 'yellowing_of_eyes', 'swelled_lymph_nodes', 'malaise', 'phlegm', 'chest_pain', 'blood_in_sputum', 'Disease|Tuberculosis']",Tuberculosis,0.004034863312103414,1.0,27.436788355418965,17
"['vomiting', 'fatigue', 'weight_loss', 'cough', 'high_fever', 'breathlessness', 'sweating', 'loss_of_appetite', 'mild_fever', 'yellowing_of_eyes', 'swelled_lymph_nodes', 'malaise', 'phlegm', 'chest_pain', 'blood_in_sputum', 'Disease|Tuberculosis']",Tuberculosis,0.008150652228252843,1.0,27.436788355418965,16
"['chills', 'fatigue', 'weight_loss', 'cough', 'high_fever', 'breathlessness', 'sweating', 'loss_of_appetite', 'mild_fever', 'yellowing_of_eyes', 'swelled_lymph_nodes', 'malaise', 'phlegm', 'chest_pain', 'blood_in_sputum', 'Disease|Tuberculosis']",Tuberculosis,0.00803648332627921,1.0,27.436788355418965,16
"['chills', 'vomiting', 'weight_loss', 'cough', 'high_fever', 'breathlessness', 'sweating', 'loss_of_appetite', 'mild_fever', 'yellowing_of_eyes', 'swelled_lymph_nodes', 'malaise', 'phlegm', 'chest_pain', 'blood_in_sputum', 'Disease|Tuberculosis']",Tuberculosis,0.008093567777266027,1.0,27.436788355418965,16
"['chills', 'vomiting', 'fatigue', 'cough', 'high_fever', 'breathlessness', 'sweating', 'loss_of_appetite', 'mild_fever', 'yellowing_of_eyes', 'swelled_lymph_nodes', 'malaise', 'phlegm', 'chest_pain', 'blood_in_sputum', 'Disease|Tuberculosis']",Tuberculosis,0.008150652228252843,1.0,27.436788355418965,16
"['chills', 'vomiting', 'fatigue', 'weight_loss', 'high_fever', 'breathlessness', 'sweating', 'loss_of_appetite', 'mild_fever', 'yellowing_of_eyes', 'swelled_lymph_nodes', 'malaise', 'phlegm', 'chest_pain', 'blood_in_sputum', 'Disease|Tuberculosis']",Tuberculosis,0.008093567777266027,1.0,27.436788355418965,16
"['chills', 'vomiting', 'fatigue', 'weight_loss', 'cough', 'breathlessness', 'sweating', 'loss_of_appetite', 'mild_fever', 'yellowing_of_eyes', 'swelled_lymph_nodes', 'malaise', 'phlegm', 'chest_pain', 'blood_in_sputum', 'Disease|Tuberculosis']",Tuberculosis,0.007922314424305578,1.0,27.436788355418965,16
"['chills', 'vomiting', 'fatigue', 'weight_loss', 'cough', 'high_fever', 'sweating', 'loss_of_appetite', 'mild_fever', 'yellowing_of_eyes', 'swelled_lymph_nodes', 'malaise', 'phlegm', 'chest_pain', 'blood_in_sputum', 'Disease|Tuberculosis']",Tuberculosis,0.008093567777266027,1.0,27.436788355418965,16
"['chills', 'vomiting', 'fatigue', 'weight_loss', 'cough', 'high_fever', 'breathlessness', 'loss_of_appetite', 'mild_fever', 'yellowing_of_eyes', 'swelled_lymph_nodes', 'malaise', 'phlegm', 'chest_pain', 'blood_in_sputum', 'Disease|Tuberculosis']",Tuberculosis,0.008150652228252843,1.0,27.436788355418965,16
"['continuous_sneezing', 'chills', 'fatigue', 'cough', 'high_fever', 'headache', 'swelled_lymph_nodes', 'malaise', 'phlegm', 'throat_irritation', 'redness_of_eyes', 'sinus_pressure', 'runny_nose', 'congestion', 'chest_pain', 'loss_of_smell', 'muscle_pain', 'Disease|CommonCold']",CommonCold,0.0039121877076297865,1.0,28.52022513542169,18
"['chills', 'fatigue', 'cough', 'high_fever', 'headache', 'swelled_lymph_nodes', 'malaise', 'phlegm', 'throat_irritation', 'redness_of_eyes', 'sinus_pressure', 'runny_nose', 'congestion', 'chest_pain', 'loss_of_smell', 'muscle_pain', 'Disease|CommonCold']",CommonCold,0.007839597935522722,1.0,28.52022513542169,17
"['continuous_sneezing', 'fatigue', 'cough', 'high_fever', 'headache', 'swelled_lymph_nodes', 'malaise', 'phlegm', 'throat_irritation', 'redness_of_eyes', 'sinus_pressure', 'runny_nose', 'congestion', 'chest_pain', 'loss_of_smell', 'muscle_pain', 'Disease|CommonCold']",CommonCold,0.007893324477627962,1.0,28.52022513542169,17
"['continuous_sneezing', 'chills', 'cough', 'high_fever', 'headache', 'swelled_lymph_nodes', 'malaise', 'phlegm', 'throat_irritation', 'redness_of_eyes', 'sinus_pressure', 'runny_nose', 'congestion', 'chest_pain', 'loss_of_smell', 'muscle_pain', 'Disease|CommonCold']",CommonCold,0.007839597935522722,1.0,28.52022513542169,17
"['continuous_sneezing', 'chills', 'fatigue', 'high_fever', 'headache', 'swelled_lymph_nodes', 'malaise', 'phlegm', 'throat_irritation', 'redness_of_eyes', 'sinus_pressure', 'runny_nose', 'congestion', 'chest_pain', 'loss_of_smell', 'muscle_pain', 'Disease|CommonCold']",CommonCold,0.007839597935522722,1.0,28.52022513542169,17
"['continuous_sneezing', 'chills', 'fatigue', 'cough', 'headache', 'swelled_lymph_nodes', 'malaise', 'phlegm', 'throat_irritation', 'redness_of_eyes', 'sinus_pressure', 'runny_nose', 'congestion', 'chest_pain', 'loss_of_smell', 'muscle_pain', 'Disease|CommonCold']",CommonCold,0.0076784183092070074,1.0,28.520225135421686,17
"['continuous_sneezing', 'chills', 'fatigue', 'cough', 'high_fever', 'swelled_lymph_nodes', 'malaise', 'phlegm', 'throat_irritation', 'redness_of_eyes', 'sinus_pressure', 'runny_nose', 'congestion', 'chest_pain', 'loss_of_smell', 'muscle_pain', 'Disease|CommonCold']",CommonCold,0.007893324477627962,1.0,28.52022513542169,17
"['continuous_sneezing', 'chills', 'fatigue', 'cough', 'high_fever', 'headache', 'malaise', 'phlegm', 'throat_irritation', 'redness_of_eyes', 'sinus_pressure', 'runny_nose', 'congestion', 'chest_pain', 'loss_of_smell', 'muscle_pain', 'Disease|CommonCold']",CommonCold,0.007732144851312246,1.0,28.520225135421686,17
"['continuous_sneezing', 'chills', 'fatigue', 'cough', 'high_fever', 'headache', 'swelled_lymph_nodes', 'phlegm', 'throat_irritation', 'redness_of_eyes', 'sinus_pressure', 'runny_nose', 'congestion', 'chest_pain', 'loss_of_smell', 'muscle_pain', 'Disease|CommonCold']",CommonCold,0.007732144851312246,1.0,28.520225135421686,17
"['chills', 'fatigue', 'cough', 'high_fever', 'breathlessness', 'sweating', 'malaise', 'chest_pain', 'fast_heart_rate', 'rusty_sputum', 'Disease|Pneumonia']",Pneumonia,0.007876270370702133,1.0,28.102498257163553,11
"['chills', 'fatigue', 'cough', 'high_fever', 'breathlessness', 'sweating', 'malaise', 'phlegm', 'chest_pain', 'fast_heart_rate', 'rusty_sputum', 'Disease|Pneumonia']",Pneumonia,0.003965466528550815,1.0,28.102498257163553,12
"['fatigue', 'cough', 'high_fever', 'breathlessness', 'sweating', 'malaise', 'phlegm', 'chest_pain', 'fast_heart_rate', 'rusty_sputum', 'Disease|Pneumonia']",Pneumonia,0.008042334228118325,1.0,28.10249825716355,11
"['chills', 'cough', 'high_fever', 'breathlessness', 'sweating', 'malaise', 'phlegm', 'chest_pain', 'fast_heart_rate', 'rusty_sputum', 'Disease|Pneumonia']",Pneumonia,0.007959302299410229,1.0,28.10249825716355,11
"['chills', 'fatigue', 'high_fever', 'breathlessness', 'sweating', 'malaise', 'phlegm', 'chest_pain', 'fast_heart_rate', 'rusty_sputum', 'Disease|Pneumonia']",Pneumonia,0.007959302299410229,1.0,28.10249825716355,11
"['chills', 'fatigue', 'cough', 'breathlessness', 'sweating', 'malaise', 'phlegm', 'chest_pain', 'fast_heart_rate', 'rusty_sputum', 'Disease|Pneumonia']",Pneumonia,0.0077102065132859405,1.0,28.102498257163553,11
"['chills', 'fatigue', 'cough', 'high_fever', 'sweating', 'malaise', 'phlegm', 'chest_pain', 'fast_heart_rate', 'rusty_sputum', 'Disease|Pneumonia']",Pneumonia,0.007959302299410229,1.0,28.10249825716355,11
"['chills', 'fatigue', 'cough', 'high_fever', 'breathlessness', 'malaise', 'phlegm', 'chest_pain', 'fast_heart_rate', 'rusty_sputum', 'Disease|Pneumonia']",Pneumonia,0.008042334228118325,1.0,28.10249825716355,11
"['chills', 'fatigue', 'cough', 'high_fever', 'breathlessness', 'sweating', 'phlegm', 'chest_pain', 'fast_heart_rate', 'rusty_sputum', 'Disease|Pneumonia']",Pneumonia,0.007793238441994038,1.0,28.102498257163553,11
"['constipation', 'pain_during_bowel_movements', 'pain_in_anal_region', 'bloody_stool', 'irritation_in_anus', 'Disease|Dimorphichemmorhoids(piles)']",Dimorphichemmorhoids(piles),0.0039730777886823904,1.0,43.361151451279625,6
"['pain_during_bowel_movements', 'pain_in_anal_region', 'bloody_stool', 'irritation_in_anus', 'Disease|Dimorphichemmorhoids(piles)']",Dimorphichemmorhoids(piles),0.008010090162470014,1.0,43.361151451279625,5
"['constipation', 'pain_in_anal_region', 'bloody_stool', 'irritation_in_anus', 'Disease|Dimorphichemmorhoids(piles)']",Dimorphichemmorhoids(piles),0.007827419919312203,1.0,43.36115145127962,5
"['constipation', 'pain_during_bowel_movements', 'bloody_stool', 'irritation_in_anus', 'Disease|Dimorphichemmorhoids(piles)']",Dimorphichemmorhoids(piles),0.007644749676154393,1.0,43.361151451279625,5
"['constipation', 'pain_during_bowel_movements', 'pain_in_anal_region', 'irritation_in_anus', 'Disease|Dimorphichemmorhoids(piles)']",Dimorphichemmorhoids(piles),0.007827419919312203,1.0,43.36115145127962,5
"['constipation', 'pain_during_bowel_movements', 'pain_in_anal_region', 'bloody_stool', 'Disease|Dimorphichemmorhoids(piles)']",Dimorphichemmorhoids(piles),0.007644749676154393,1.0,43.361151451279625,5
"['vomiting', 'breathlessness', 'sweating', 'chest_pain', 'Disease|Heartattack']",Heartattack,0.0034890016443141912,0.12568312620809619,7.573283876009006,5
"['breathlessness', 'sweating', 'chest_pain', 'Disease|Heartattack']",Heartattack,0.006708564679970611,0.10734595336812976,6.468341473712507,4
"['vomiting', 'sweating', 'chest_pain', 'Disease|Heartattack']",Heartattack,0.0069369024839178745,0.1966972113678085,11.852377198521662,4
"['vomiting', 'breathlessness', 'chest_pain', 'Disease|Heartattack']",Heartattack,0.007165240287865139,0.2015406643973539,12.14422898355866,4
"['vomiting', 'breathlessness', 'sweating', 'Disease|Heartattack']",Heartattack,0.006251889072076084,0.20482423426337254,12.34208694168181,4
"['fatigue', 'cramps', 'bruising', 'obesity', 'swollen_legs', 'swollen_blood_vessels', 'prominent_veins_on_calf', 'Disease|Varicoseveins']",Varicoseveins,0.0036648217533535843,1.0,34.712488338396305,8
"['cramps', 'bruising', 'obesity', 'swollen_legs', 'swollen_blood_vessels', 'prominent_veins_on_calf', 'Disease|Varicoseveins']",Varicoseveins,0.007331274491021078,1.0,34.712488338396305,7
"['fatigue', 'bruising', 'obesity', 'swollen_legs', 'swollen_blood_vessels', 'prominent_veins_on_calf', 'Disease|Varicoseveins']",Varicoseveins,0.007331274491021078,1.0,34.712488338396305,7
"['fatigue', 'cramps', 'obesity', 'swollen_legs', 'swollen_blood_vessels', 'prominent_veins_on_calf', 'Disease|Varicoseveins']",Varicoseveins,0.007331274491021078,1.0,34.712488338396305,7
"['fatigue', 'cramps', 'bruising', 'swollen_legs', 'swollen_blood_vessels', 'prominent_veins_on_calf', 'Disease|Varicoseveins']",Varicoseveins,0.007331274491021078,1.0,34.712488338396305,7
"['fatigue', 'cramps', 'bruising', 'obesity', 'swollen_blood_vessels', 'prominent_veins_on_calf', 'Disease|Varicoseveins']",Varicoseveins,0.0072007957459083545,1.0,34.712488338396305,7
"['fatigue', 'cramps', 'bruising', 'obesity', 'swollen_legs', 'prominent_veins_on_calf', 'Disease|Varicoseveins']",Varicoseveins,0.0072007957459083545,1.0,34.712488338396305,7
"['fatigue', 'cramps', 'bruising', 'obesity', 'swollen_legs', 'swollen_blood_vessels', 'Disease|Varicoseveins']",Varicoseveins,0.007070317000795633,1.0,34.712488338396305,7
"['fatigue', 'weight_gain', 'cold_hands_and_feets', 'mood_swings', 'lethargy', 'dizziness', 'puffy_face_and_eyes', 'enlarged_thyroid', 'brittle_nails', 'swollen_extremeties', 'depression', 'irritability', 'abnormal_menstruation', 'Disease|Hypothyroidism']",Hypothyroidism,0.003464210682742774,1.0,36.03301413977243,14
"['weight_gain', 'cold_hands_and_feets', 'mood_swings', 'lethargy', 'dizziness', 'puffy_face_and_eyes', 'enlarged_thyroid', 'brittle_nails', 'swollen_extremeties', 'depression', 'irritability', 'abnormal_menstruation', 'Disease|Hypothyroidism']",Hypothyroidism,0.006913867966992206,1.0,36.03301413977243,13
"['fatigue', 'cold_hands_and_feets', 'mood_swings', 'lethargy', 'dizziness', 'puffy_face_and_eyes', 'enlarged_thyroid', 'brittle_nails', 'swollen_extremeties', 'depression', 'irritability', 'abnormal_menstruation', 'Disease|Hypothyroidism']",Hypothyroidism,0.006984125752822133,1.0,36.03301413977243,13
"['fatigue', 'weight_gain', 'mood_swings', 'lethargy', 'dizziness', 'puffy_face_and_eyes', 'enlarged_thyroid', 'brittle_nails', 'swollen_extremeties', 'depression', 'irritability', 'abnormal_menstruation', 'Disease|Hypothyroidism']",Hypothyroidism,0.006843610181162279,1.0,36.03301413977243,13
"['fatigue', 'weight_gain', 'cold_hands_and_feets', 'lethargy', 'dizziness', 'puffy_face_and_eyes', 'enlarged_thyroid', 'brittle_nails', 'swollen_extremeties', 'depression', 'irritability', 'abnormal_menstruation', 'Disease|Hypothyroidism']",Hypothyroidism,0.006984125752822133,1.0,36.03301413977243,13
"['fatigue', 'weight_gain', 'cold_hands_and_feets', 'mood_swings', 'dizziness', 'puffy_face_and_eyes', 'enlarged_thyroid', 'brittle_nails', 'swollen_extremeties', 'depression', 'irritability', 'abnormal_menstruation', 'Disease|Hypothyroidism']",Hypothyroidism,0.00705438353865206,1.0,36.03301413977243,13
"['fatigue', 'weight_gain', 'cold_hands_and_feets', 'mood_swings', 'lethargy', 'puffy_face_and_eyes', 'enlarged_thyroid', 'brittle_nails', 'swollen_extremeties', 'depression', 'irritability', 'abnormal_menstruation', 'Disease|Hypothyroidism']",Hypothyroidism,0.006913867966992206,1.0,36.03301413977243,13
"['fatigue', 'weight_gain', 'cold_hands_and_feets', 'mood_swings', 'lethargy', 'dizziness', 'enlarged_thyroid', 'brittle_nails', 'swollen_extremeties', 'depression', 'irritability', 'abnormal_menstruation', 'Disease|Hypothyroidism']",Hypothyroidism,0.006843610181162279,1.0,36.03301413977243,13
"['fatigue', 'mood_swings', 'weight_loss', 'restlessness', 'sweating', 'diarrhoea', 'fast_heart_rate', 'excessive_hunger', 'muscle_weakness', 'irritability', 'abnormal_menstruation', 'Disease|Hyperthyroidism']",Hyperthyroidism,0.0032804531167090235,1.0,34.28202144059468,12
"['mood_swings', 'weight_loss', 'restlessness', 'sweating', 'diarrhoea', 'fast_heart_rate', 'excessive_hunger', 'muscle_weakness', 'irritability', 'abnormal_menstruation', 'Disease|Hyperthyroidism']",Hyperthyroidism,0.006527001529195575,1.0,34.28202144059468,11
"['fatigue', 'weight_loss', 'restlessness', 'sweating', 'diarrhoea', 'fast_heart_rate', 'excessive_hunger', 'muscle_weakness', 'irritability', 'abnormal_menstruation', 'Disease|Hyperthyroidism']",Hyperthyroidism,0.00661003345790367,1.0,34.28202144059468,11
"['fatigue', 'mood_swings', 'restlessness', 'sweating', 'diarrhoea', 'fast_heart_rate', 'excessive_hunger', 'muscle_weakness', 'irritability', 'abnormal_menstruation', 'Disease|Hyperthyroidism']",Hyperthyroidism,0.00661003345790367,1.0,34.28202144059468,11
"['fatigue', 'mood_swings', 'weight_loss', 'sweating', 'diarrhoea', 'fast_heart_rate', 'excessive_hunger', 'muscle_weakness', 'irritability', 'abnormal_menstruation', 'Disease|Hyperthyroidism']",Hyperthyroidism,0.006443969600487478,1.0,34.282021440594676,11
"['fatigue', 'mood_swings', 'weight_loss', 'restlessness', 'diarrhoea', 'fast_heart_rate', 'excessive_hunger', 'muscle_weakness', 'irritability', 'abnormal_menstruation', 'Disease|Hyperthyroidism']",Hyperthyroidism,0.00661003345790367,1.0,34.28202144059468,11
"['fatigue', 'mood_swings', 'weight_loss', 'restlessness', 'sweating', 'fast_heart_rate', 'excessive_hunger', 'muscle_weakness', 'irritability', 'abnormal_menstruation', 'Disease|Hyperthyroidism']",Hyperthyroidism,0.006360937671779383,1.0,34.28202144059468,11
"['fatigue', 'mood_swings', 'weight_loss', 'restlessness', 'sweating', 'diarrhoea', 'excessive_hunger', 'muscle_weakness', 'irritability', 'abnormal_menstruation', 'Disease|Hyperthyroidism']",Hyperthyroidism,0.006443969600487478,1.0,34.282021440594676,11
"['fatigue', 'mood_swings', 'weight_loss', 'restlessness', 'sweating', 'diarrhoea', 'fast_heart_rate', 'muscle_weakness', 'irritability', 'abnormal_menstruation', 'Disease|Hyperthyroidism']",Hyperthyroidism,0.006527001529195575,1.0,34.28202144059468,11
"['vomiting', 'fatigue', 'anxiety', 'sweating', 'headache', 'nausea', 'blurred_and_distorted_vision', 'excessive_hunger', 'slurred_speech', 'irritability', 'palpitations', 'Disease|Hypoglycemia']",Hypoglycemia,0.0065895948292986,1.0,33.92515305418314,12
"['vomiting', 'fatigue', 'anxiety', 'sweating', 'headache', 'nausea', 'blurred_and_distorted_vision', 'excessive_hunger', 'drying_and_tingling_lips', 'slurred_speech', 'irritability', 'palpitations', 'Disease|Hypoglycemia']",Hypoglycemia,0.003309141712589577,1.0,33.92515305418315,13
"['fatigue', 'anxiety', 'sweating', 'headache', 'nausea', 'blurred_and_distorted_vision', 'excessive_hunger', 'drying_and_tingling_lips', 'slurred_speech', 'irritability', 'palpitations', 'Disease|Hypoglycemia']",Hypoglycemia,0.006513482227982845,1.0,33.92515305418315,12
"['vomiting', 'anxiety', 'sweating', 'headache', 'nausea', 'blurred_and_distorted_vision', 'excessive_hunger', 'drying_and_tingling_lips', 'slurred_speech', 'irritability', 'palpitations', 'Disease|Hypoglycemia']",Hypoglycemia,0.0065895948292986,1.0,33.92515305418314,12
"['vomiting', 'fatigue', 'sweating', 'headache', 'nausea', 'blurred_and_distorted_vision', 'excessive_hunger', 'drying_and_tingling_lips', 'slurred_speech', 'irritability', 'palpitations', 'Disease|Hypoglycemia']",Hypoglycemia,0.0065895948292986,1.0,33.92515305418314,12
"['vomiting', 'fatigue', 'anxiety', 'headache', 'nausea', 'blurred_and_distorted_vision', 'excessive_hunger', 'drying_and_tingling_lips', 'slurred_speech', 'irritability', 'palpitations', 'Disease|Hypoglycemia']",Hypoglycemia,0.006665707430614355,1.0,33.92515305418315,12
"['vomiting', 'fatigue', 'anxiety', 'sweating', 'nausea', 'blurred_and_distorted_vision', 'excessive_hunger', 'drying_and_tingling_lips', 'slurred_speech', 'irritability', 'palpitations', 'Disease|Hypoglycemia']",Hypoglycemia,0.006665707430614355,1.0,33.92515305418315,12
"['vomiting', 'fatigue', 'anxiety', 'sweating', 'headache', 'blurred_and_distorted_vision', 'excessive_hunger', 'drying_and_tingling_lips', 'slurred_speech', 'irritability', 'palpitations', 'Disease|Hypoglycemia']",Hypoglycemia,0.006513482227982845,1.0,33.92515305418315,12
"['vomiting', 'fatigue', 'anxiety', 'sweating', 'headache', 'nausea', 'excessive_hunger', 'drying_and_tingling_lips', 'slurred_speech', 'irritability', 'palpitations', 'Disease|Hypoglycemia']",Hypoglycemia,0.006513482227982845,1.0,33.92515305418315,12
"['joint_pain', 'neck_pain', 'knee_pain', 'hip_joint_pain', 'swelling_joints', 'painful_walking', 'Disease|Osteoarthristis']",Osteoarthristis,0.002622622776765716,1.0,55.75230493947872,7
"['neck_pain', 'knee_pain', 'hip_joint_pain', 'swelling_joints', 'painful_walking', 'Disease|Osteoarthristis']",Osteoarthristis,0.005225673741764523,1.0,55.75230493947872,6
"['joint_pain', 'knee_pain', 'hip_joint_pain', 'swelling_joints', 'painful_walking', 'Disease|Osteoarthristis']",Osteoarthristis,0.004921223336501504,1.0,55.75230493947871,6
"['joint_pain', 'neck_pain', 'hip_joint_pain', 'swelling_joints', 'painful_walking', 'Disease|Osteoarthristis']",Osteoarthristis,0.005225673741764523,1.0,55.75230493947872,6
"['joint_pain', 'neck_pain', 'knee_pain', 'swelling_joints', 'painful_walking', 'Disease|Osteoarthristis']",Osteoarthristis,0.005377898944396033,1.0,55.75230493947871,6
"['joint_pain', 'neck_pain', 'knee_pain', 'hip_joint_pain', 'painful_walking', 'Disease|Osteoarthristis']",Osteoarthristis,0.004921223336501504,1.0,55.75230493947871,6
"['joint_pain', 'neck_pain', 'knee_pain', 'hip_joint_pain', 'swelling_joints', 'Disease|Osteoarthristis']",Osteoarthristis,0.005377898944396033,1.0,55.75230493947871,6
"['muscle_weakness', 'stiff_neck', 'swelling_joints', 'movement_stiffness', 'painful_walking', 'Disease|Arthritis']",Arthritis,0.002755276167630317,1.0,62.50441907582172,6
"['stiff_neck', 'swelling_joints', 'movement_stiffness', 'painful_walking', 'Disease|Arthritis']",Arthritis,0.005696267082471075,1.0,62.50441907582173,5
"['muscle_weakness', 'swelling_joints', 'movement_stiffness', 'painful_walking', 'Disease|Arthritis']",Arthritis,0.005330926596155453,1.0,62.50441907582172,5
"['muscle_weakness', 'stiff_neck', 'movement_stiffness', 'painful_walking', 'Disease|Arthritis']",Arthritis,0.005148256352997641,1.0,62.50441907582172,5
"['muscle_weakness', 'stiff_neck', 'swelling_joints', 'painful_walking', 'Disease|Arthritis']",Arthritis,0.005148256352997641,1.0,62.50441907582172,5
"['muscle_weakness', 'stiff_neck', 'swelling_joints', 'movement_stiffness', 'Disease|Arthritis']",Arthritis,0.005696267082471075,1.0,62.50441907582173,5
"['vomiting', 'headache', 'nausea', 'spinning_movements', 'loss_of_balance', 'unsteadiness', 'Disease|(vertigo)ParoymsalPositionalVertigo']",(vertigo)ParoymsalPositionalVertigo,0.003535973992554771,1.0,41.36040754999285,7
"['headache', 'nausea', 'spinning_movements', 'loss_of_balance', 'unsteadiness', 'Disease|(vertigo)ParoymsalPositionalVertigo']",(vertigo)ParoymsalPositionalVertigo,0.006900150970711125,1.0,41.36040754999284,6
"['vomiting', 'nausea', 'spinning_movements', 'loss_of_balance', 'unsteadiness', 'Disease|(vertigo)ParoymsalPositionalVertigo']",(vertigo)ParoymsalPositionalVertigo,0.007204601375974142,1.0,41.36040754999285,6
"['vomiting', 'headache', 'spinning_movements', 'loss_of_balance', 'unsteadiness', 'Disease|(vertigo)ParoymsalPositionalVertigo']",(vertigo)ParoymsalPositionalVertigo,0.006900150970711125,1.0,41.36040754999284,6
"['vomiting', 'headache', 'nausea', 'loss_of_balance', 'unsteadiness', 'Disease|(vertigo)ParoymsalPositionalVertigo']",(vertigo)ParoymsalPositionalVertigo,0.006747925768079616,1.0,41.36040754999284,6
"['vomiting', 'headache', 'nausea', 'spinning_movements', 'unsteadiness', 'Disease|(vertigo)ParoymsalPositionalVertigo']",(vertigo)ParoymsalPositionalVertigo,0.007052376173342634,1.0,41.36040754999284,6
"['vomiting', 'headache', 'nausea', 'spinning_movements', 'loss_of_balance', 'Disease|(vertigo)ParoymsalPositionalVertigo']",(vertigo)ParoymsalPositionalVertigo,0.007052376173342634,1.0,41.36040754999284,6
"['skin_rash', 'pus_filled_pimples', 'blackheads', 'scurring', 'Disease|Acne']",Acne,0.0016622992127360804,1.0,126.2824768333115,5
"['pus_filled_pimples', 'blackheads', 'scurring', 'Disease|Acne']",Acne,0.0030551598168143896,1.0,126.28247683331149,4
"['skin_rash', 'blackheads', 'scurring', 'Disease|Acne']",Acne,0.0032834976207616533,1.0,126.28247683331149,4
"['skin_rash', 'pus_filled_pimples', 'scurring', 'Disease|Acne']",Acne,0.0032834976207616533,1.0,126.28247683331149,4
"['skin_rash', 'pus_filled_pimples', 'blackheads', 'Disease|Acne']",Acne,0.0032834976207616533,1.0,126.28247683331149,4
"['burning_micturition', 'bladder_discomfort', 'foul_smell_ofurine', 'continuous_feel_of_urine', 'Disease|Urinarytractinfection']",Urinarytractinfection,0.0038543421306298136,1.0,54.55251988763381,5
"['bladder_discomfort', 'foul_smell_ofurine', 'continuous_feel_of_urine', 'Disease|Urinarytractinfection']",Urinarytractinfection,0.007302242970233497,1.0,54.552519887633814,4
"['burning_micturition', 'foul_smell_ofurine', 'continuous_feel_of_urine', 'Disease|Urinarytractinfection']",Urinarytractinfection,0.007758918578128025,1.0,54.552519887633814,4
"['burning_micturition', 'bladder_discomfort', 'continuous_feel_of_urine', 'Disease|Urinarytractinfection']",Urinarytractinfection,0.007530580774180761,1.0,54.55251988763381,4
"['burning_micturition', 'bladder_discomfort', 'foul_smell_ofurine', 'Disease|Urinarytractinfection']",Urinarytractinfection,0.007302242970233497,1.0,54.552519887633814,4
"['skin_rash', 'joint_pain', 'skin_peeling', 'silver_like_dusting', 'small_dents_in_nails', 'inflammatory_nails', 'Disease|Psoriasis']",Psoriasis,0.0019702290512021046,1.0,74.19248324311398,7
"['joint_pain', 'skin_peeling', 'silver_like_dusting', 'small_dents_in_nails', 'inflammatory_nails', 'Disease|Psoriasis']",Psoriasis,0.0038121540030433662,1.0,74.192483243114,6
"['skin_rash', 'skin_peeling', 'silver_like_dusting', 'small_dents_in_nails', 'inflammatory_nails', 'Disease|Psoriasis']",Psoriasis,0.0038121540030433662,1.0,74.192483243114,6
"['skin_rash', 'joint_pain', 'silver_like_dusting', 'small_dents_in_nails', 'inflammatory_nails', 'Disease|Psoriasis']",Psoriasis,0.0038121540030433662,1.0,74.192483243114,6
"['skin_rash', 'joint_pain', 'skin_peeling', 'small_dents_in_nails', 'inflammatory_nails', 'Disease|Psoriasis']",Psoriasis,0.003964379205674875,1.0,74.192483243114,6
"['skin_rash', 'joint_pain', 'skin_peeling', 'silver_like_dusting', 'inflammatory_nails', 'Disease|Psoriasis']",Psoriasis,0.003964379205674875,1.0,74.192483243114,6
"['skin_rash', 'joint_pain', 'skin_peeling', 'silver_like_dusting', 'small_dents_in_nails', 'Disease|Psoriasis']",Psoriasis,0.003964379205674875,1.0,74.192483243114,6
"['skin_rash', 'high_fever', 'blister', 'red_sore_around_nose', 'yellow_crust_ooze', 'Disease|Impetigo']",Impetigo,0.002907501370261826,1.0,59.23547741090048,6
"['high_fever', 'blister', 'red_sore_around_nose', 'yellow_crust_ooze', 'Disease|Impetigo']",Impetigo,0.005848492285102584,1.0,59.23547741090048,5
"['skin_rash', 'blister', 'red_sore_around_nose', 'yellow_crust_ooze', 'Disease|Impetigo']",Impetigo,0.0051178113124713395,1.0,59.23547741090048,5
"['skin_rash', 'high_fever', 'red_sore_around_nose', 'yellow_crust_ooze', 'Disease|Impetigo']",Impetigo,0.005665822041944772,1.0,59.23547741090047,5
"['skin_rash', 'high_fever', 'blister', 'yellow_crust_ooze', 'Disease|Impetigo']",Impetigo,0.006031162528260394,1.0,59.23547741090048,5
"['skin_rash', 'high_fever', 'blister', 'red_sore_around_nose', 'Disease|Impetigo']",Impetigo,0.005848492285102584,1.0,59.23547741090048,5
